sex,class,survived,pclass,age,sibsp,parch,fare,adult_male,alone
female,First,0.875,1.0,14.125,0.5,0.875,104.0833375,0.0,0.125
female,Second,1.0,2.0,8.333333333333334,0.5833333333333334,1.0833333333333333,26.241666666666664,0.0,0.16666666666666666
female,Third,0.5428571428571428,3.0,8.428571428571429,1.5714285714285714,1.0571428571428572,18.727977142857142,0.0,0.22857142857142856
male,First,1.0,1.0,8.23,0.5,2.0,116.0729,0.25,0.0
male,Second,0.8181818181818182,2.0,4.757272727272727,0.7272727272727273,1.0,25.659472727272725,0.18181818181818182,0.18181818181818182
male,Third,0.23255813953488372,3.0,9.963255813953488,2.0697674418604652,1.0,22.75252325581395,0.3488372093023256,0.23255813953488372
