sex,class,survived,pclass,age,sibsp,parch,fare,adult_male,alone
female,First,0.9680851063829787,1.0,34.61176470588235,0.5531914893617021,0.4574468085106383,106.12579787234043,0.0,0.3617021276595745
female,Second,0.9210526315789473,2.0,28.722972972972972,0.4868421052631579,0.6052631578947368,21.97012105263158,0.0,0.42105263157894735
female,Third,0.5,3.0,21.75,0.8958333333333334,0.7986111111111112,16.118809722222224,0.0,0.4166666666666667
male,First,0.36885245901639346,1.0,41.28138613861386,0.3114754098360656,0.2786885245901639,67.22612704918032,0.9754098360655737,0.6147540983606558
male,Second,0.1574074074074074,2.0,30.74070707070707,0.3425925925925926,0.2222222222222222,19.74178240740741,0.9166666666666666,0.6666666666666666
male,Third,0.13544668587896252,3.0,26.507588932806325,0.49855907780979825,0.22478386167146974,12.661632564841499,0.9193083573487032,0.760806916426513
